Páginas principales,Clics,Impresiones,CTR,Posición
https://concertride.me/artistas/bad-bunny,5,61,8.2%,5.77
https://concertride.me/artistas/olivia-rodrigo,3,66,4.55%,7.97
https://concertride.me/festivales/o-son-do-camino,3,46,6.52%,22.61
https://concertride.me/blog/son-do-camino-2026-guia-transporte,3,24,12.5%,5.5
https://concertride.me/conciertos/murcia/2027,2,16,12.5%,6.19
https://concertride.me/,2,15,13.33%,3.93
https://concertride.me/blog/mad-cool-2026-guia-completa,2,12,16.67%,10.08
https://concertride.me/rutas/barcelona-mad-cool,2,3,66.67%,3.33
https://concertride.me/rutas/barcelona-fib,2,2,100%,1
https://concertride.me/blog/guia-transporte-vina-rock-2026,1,56,1.79%,11.12
https://concertride.me/festivales/mad-cool,1,41,2.44%,13.63
https://concertride.me/guia-transporte-festivales,1,35,2.86%,12.63
https://concertride.me/blog/guia-transporte-conciertos-barcelona-2026,1,19,5.26%,5.84
https://concertride.me/blog/festivales-gratuitos-espana-2026,1,18,5.56%,6.17
https://concertride.me/festivales/medusa-festival,1,15,6.67%,11.87
https://concertride.me/conciertos/pamplona,1,15,6.67%,19.07
https://concertride.me/festivales/primavera-sound/guia,1,14,7.14%,7.86
https://concertride.me/conciertos/burgos/2026,1,13,7.69%,8.92
https://concertride.me/conciertos/sevilla/2027,1,12,8.33%,5.75
https://concertride.me/blog/medusa-festival-2026-guia-transporte,1,8,12.5%,6.88
https://concertride.me/blog/que-llevar-al-festival,1,8,12.5%,15.62
https://concertride.me/rutas/donostia-san-sebastian-bbk-live,1,4,25%,5.75
https://concertride.me/festivales/mad-cool/guia,1,4,25%,8
https://concertride.me/concerts,1,3,33.33%,3.67
https://concertride.me/conciertos/almeria/2025,1,2,50%,2
https://concertride.me/festivales/resurrection-fest/guia,1,2,50%,4
https://concertride.me/conciertos/castellon/2026,1,2,50%,11
https://concertride.me/rutas/madrid-medusa-festival,1,2,50%,11
https://concertride.me/conciertos/albacete/2027,1,1,100%,2
https://concertride.me/rutas/tarragona-arenal-sound,1,1,100%,2
https://concertride.me/festivales/vina-rock,0,211,0%,17.1
https://concertride.me/recintos/wizink-center,0,130,0%,11
https://concertride.me/conciertos/sevilla,0,113,0%,54.04
https://concertride.me/festivales/arenal-sound,0,88,0%,31.2
https://concertride.me/conciertos/alicante,0,60,0%,12.73
https://concertride.me/artistas/billie-eilish,0,56,0%,10.7
https://concertride.me/recintos/ifema-madrid,0,54,0%,22.19
https://concertride.me/conciertos/murcia,0,54,0%,32.17
https://concertride.me/recintos/palacio-vistalegre,0,52,0%,14.58
https://concertride.me/artistas/sabrina-carpenter,0,51,0%,9.08
https://concertride.me/recintos/estadio-la-cartuja,0,50,0%,13.92
https://concertride.me/festivales/zevra-festival,0,45,0%,26.58
https://concertride.me/artistas/drake,0,36,0%,10.81
https://concertride.me/conciertos/donostia,0,35,0%,13.8
https://concertride.me/artistas/karol-g,0,34,0%,8.29
https://concertride.me/como-llegar/vina-rock,0,33,0%,21.67
https://concertride.me/blog/vina-rock-2026-guia-completa,0,32,0%,7.84
https://concertride.me/recintos/parc-del-forum,0,32,0%,11.75
https://concertride.me/festivales/resurrection-fest,0,32,0%,12.38
https://concertride.me/conciertos/zaragoza,0,32,0%,37.78
https://concertride.me/artistas/beyonce,0,29,0%,8.14
https://concertride.me/conciertos/gijon/2026,0,29,0%,11.31
https://concertride.me/artistas/post-malone,0,29,0%,13.45
https://concertride.me/como-llegar/arenal-sound,0,24,0%,24
https://concertride.me/festivales/sonar,0,23,0%,8.39
https://concertride.me/festivales/fib,0,23,0%,21.96
https://concertride.me/rutas/castellon-de-la-plana-arenal-sound,0,22,0%,22.86
https://concertride.me/festivales/cala-mijas,0,21,0%,10.19
https://concertride.me/conciertos/salamanca/2026,0,21,0%,10.52
https://concertride.me/conciertos/murcia/2026,0,19,0%,10.53
https://concertride.me/blog/como-llegar-resurrection-fest-2026,0,18,0%,7.22
https://concertride.me/festivales/sonorama-ribera,0,18,0%,7.44
https://concertride.me/festivales/bbk-live,0,18,0%,30.72
https://concertride.me/blog/autobuses-festivales-espana-2026,0,17,0%,8.47
https://concertride.me/artistas/dua-lipa,0,17,0%,8.53
https://concertride.me/recintos/kobetamendi,0,16,0%,21.69
https://concertride.me/conciertos/madrid/2027,0,15,0%,7.93
https://concertride.me/conciertos/barcelona/2027,0,14,0%,9.71
https://concertride.me/conciertos/bilbao/2027,0,13,0%,8
https://concertride.me/artistas/rosalia,0,13,0%,9.23
https://concertride.me/como-llegar/zevra-festival,0,13,0%,15.54
https://concertride.me/rutas/fuengirola-cala-mijas,0,12,0%,8
https://concertride.me/conciertos/tarragona/2026,0,12,0%,10.75
https://concertride.me/festivales,0,12,0%,12.75
https://concertride.me/artistas/doja-cat,0,12,0%,13.08
https://concertride.me/festivales/primavera-sound,0,12,0%,14.58
https://concertride.me/blog/fib-benicassim-2026-guia-transporte,0,11,0%,5.91
https://concertride.me/recintos/caja-magica,0,11,0%,18.91
https://concertride.me/recintos/fira-barcelona,0,11,0%,23.55
https://concertride.me/conciertos/malaga,0,11,0%,50.91
https://concertride.me/rutas/valencia-medusa-festival,0,10,0%,7
https://concertride.me/conciertos/almeria/2026,0,10,0%,9
https://concertride.me/festivales/o-son-do-camino/guia,0,9,0%,6.89
https://concertride.me/rutas/cordoba-cala-mijas,0,9,0%,7.56
https://concertride.me/festivales/arenal-sound/guia,0,9,0%,8.22
https://concertride.me/festivales/cala-mijas/guia,0,8,0%,5.5
https://concertride.me/blog/carpooling-vs-taxi-festival-espana,0,8,0%,7.5
https://concertride.me/conciertos/donostia/2026,0,8,0%,8.5
https://concertride.me/artistas/harry-styles,0,8,0%,9.62
https://concertride.me/conciertos/bilbao/2026,0,8,0%,9.75
https://concertride.me/festivales/low-festival,0,8,0%,14.38
https://concertride.me/rutas/santander-bbk-live,0,8,0%,17.38
https://concertride.me/conciertos/valencia/2025,0,8,0%,17.62
https://concertride.me/como-llegar/mad-cool,0,8,0%,18.62
https://concertride.me/acerca-de,0,8,0%,24.88
https://concertride.me/conciertos/zaragoza/2027,0,7,0%,5.86
https://concertride.me/festivales/cruilla,0,7,0%,7.71
https://concertride.me/conciertos/malaga/2027,0,7,0%,8.57
https://concertride.me/blog/festivales-comunidad-valenciana-2026,0,7,0%,13.86
https://concertride.me/recintos/palau-sant-jordi,0,7,0%,34.29
https://concertride.me/conciertos/bilbao,0,7,0%,52.71
https://concertride.me/blog/como-volver-festival-madrugada,0,6,0%,4
https://concertride.me/como-llegar/o-son-do-camino,0,6,0%,7.67
https://concertride.me/conciertos/valencia/2027,0,6,0%,7.83
https://concertride.me/blog/guia-transporte-conciertos-madrid-2026,0,6,0%,8.33
https://concertride.me/como-llegar/bbk-live,0,6,0%,18.17
https://concertride.me/conciertos/vigo,0,6,0%,30.83
https://concertride.me/blog/arenal-sound-2026-transporte,0,6,0%,46.17
https://concertride.me/rutas,0,5,0%,5.6
https://concertride.me/rutas/almeria-cala-mijas,0,5,0%,6
https://concertride.me/artistas/taylor-swift,0,5,0%,7.2
https://concertride.me/blog/conciertos-en-estadios-espana-2026-transporte,0,5,0%,7.2
https://concertride.me/rutas/madrid-vina-rock,0,5,0%,7.6
https://concertride.me/rutas/burgos-resurrection-fest,0,5,0%,7.8
https://concertride.me/rutas/valencia-mad-cool,0,5,0%,7.8
https://concertride.me/blog/festivales-cataluna-2026,0,5,0%,8
https://concertride.me/calendario-festivales/agosto-2026,0,5,0%,8
https://concertride.me/blog/coldplay-madrid-barcelona-2026-como-llegar,0,5,0%,8.2
https://concertride.me/conciertos/cadiz/2026,0,5,0%,8.4
https://concertride.me/recintos/palau-blaugrana,0,5,0%,9
https://concertride.me/como-llegar/medusa-festival,0,5,0%,9.2
https://concertride.me/conciertos/badajoz/2026,0,5,0%,9.8
https://concertride.me/rutas/granada-cala-mijas,0,5,0%,10
https://concertride.me/conciertos/santander/2025,0,5,0%,11.2
https://concertride.me/conciertos/barcelona/2025,0,5,0%,12.4
https://concertride.me/conciertos/palma/2026,0,5,0%,16
https://concertride.me/rutas/marbella-cala-mijas,0,5,0%,18.6
https://concertride.me/blog,0,5,0%,22
https://concertride.me/conciertos/valencia,0,5,0%,37.8
https://concertride.me/artistas/the-weeknd,0,4,0%,5.25
https://concertride.me/festivales/medusa-festival/guia,0,4,0%,5.5
https://concertride.me/rutas/cuenca-vina-rock,0,4,0%,5.5
https://concertride.me/conciertos/granada/2027,0,4,0%,5.75
https://concertride.me/rutas/cartagena-cala-mijas,0,4,0%,6
https://concertride.me/rutas/albacete-vina-rock,0,4,0%,6.5
https://concertride.me/rutas/valencia-arenal-sound,0,4,0%,6.5
https://concertride.me/rutas/centro-de-bilbao-bbk-live,0,4,0%,7
https://concertride.me/conciertos/avila/2026,0,4,0%,7.5
https://concertride.me/blog/guia-transporte-conciertos-sevilla-2026,0,4,0%,8
https://concertride.me/conciertos/murcia/2025,0,4,0%,8
https://concertride.me/rutas/barcelona-arenal-sound,0,4,0%,8
https://concertride.me/rutas/sevilla-cala-mijas,0,4,0%,8.5
https://concertride.me/conciertos/huelva/2026,0,4,0%,10.25
https://concertride.me/rutas/murcia-cala-mijas,0,4,0%,10.25
https://concertride.me/conciertos/alicante/2026,0,4,0%,10.75
https://concertride.me/conciertos/vitoria-gasteiz/2026,0,4,0%,15.75
https://concertride.me/conciertos/sevilla/2025,0,4,0%,17
https://concertride.me/rutas/burriana-arenal-sound,0,4,0%,35
https://concertride.me/conciertos/palma/2027,0,3,0%,3.67
https://concertride.me/rutas/pontevedra-o-son-do-camino,0,3,0%,3.67
https://concertride.me/rutas/madrid-bbk-live,0,3,0%,4.67
https://concertride.me/rutas/a-coruna-resurrection-fest,0,3,0%,6.67
https://concertride.me/rutas/lleida-cruilla,0,3,0%,6.67
https://concertride.me/festivales/vina-rock/guia,0,3,0%,7
https://concertride.me/rutas/santander-arenal-sound,0,3,0%,7
https://concertride.me/conciertos/cadiz/2027,0,3,0%,7.67
https://concertride.me/festivales-genero/reggaeton,0,3,0%,7.67
https://concertride.me/blog/festivales-verano-espana-2026-transporte,0,3,0%,8
https://concertride.me/como-llegar/cruilla,0,3,0%,8
https://concertride.me/artistas/guns-n-roses,0,3,0%,8.33
https://concertride.me/conciertos/alicante/2027,0,3,0%,8.33
https://concertride.me/rutas/alicante-vina-rock,0,3,0%,8.67
https://concertride.me/rutas/madrid-resurrection-fest,0,3,0%,9
https://concertride.me/blog/carpooling-gratuito-festivales-sin-comision,0,3,0%,9.33
https://concertride.me/artistas/coldplay,0,3,0%,10.33
https://concertride.me/conciertos/caceres/2026,0,3,0%,11.67
https://concertride.me/festivales/tomavistas,0,3,0%,16
https://concertride.me/rutas/pamplona-bbk-live,0,3,0%,16.67
https://concertride.me/conciertos/toledo/2025,0,3,0%,19.67
https://concertride.me/conciertos/a-coruna,0,3,0%,21
https://concertride.me/festivales/bbk-live/guia,0,3,0%,25.67
https://concertride.me/rutas/vitoria-gasteiz-o-son-do-camino,0,3,0%,26.33
https://concertride.me/conciertos/granada,0,3,0%,43.67
https://concertride.me/rutas/vigo-resurrection-fest,0,2,0%,1
https://concertride.me/como-llegar/sonorama-ribera,0,2,0%,3
https://concertride.me/rutas/santiago-de-compostela-centro-o-son-do-camino,0,2,0%,3
https://concertride.me/rutas/toledo-mad-cool,0,2,0%,3
https://concertride.me/conciertos/donostia/2027,0,2,0%,3.5
https://concertride.me/privacidad,0,2,0%,3.5
https://concertride.me/conciertos/vitoria-gasteiz/2027,0,2,0%,4
https://concertride.me/rutas/granada-resurrection-fest,0,2,0%,4
https://concertride.me/blog/primavera-sound-2026-como-llegar,0,2,0%,4.5
https://concertride.me/rutas/logrono-medusa-festival,0,2,0%,4.5
https://concertride.me/blog/cala-mijas-2026-guia-transporte,0,2,0%,5
https://concertride.me/rutas/salamanca-vina-rock,0,2,0%,5
https://concertride.me/rutas/valencia-vina-rock,0,2,0%,5
https://concertride.me/conciertos/valladolid/2027,0,2,0%,5.5
https://concertride.me/rutas/bilbao-resurrection-fest,0,2,0%,5.5
https://concertride.me/rutas/caceres-cala-mijas,0,2,0%,6
https://concertride.me/rutas/cadiz-arenal-sound,0,2,0%,6
https://concertride.me/rutas/girona-cruilla,0,2,0%,6
https://concertride.me/rutas/lleida-primavera-sound,0,2,0%,6
https://concertride.me/conciertos/oviedo/2027,0,2,0%,6.5
https://concertride.me/rutas/donostia-bbk-live,0,2,0%,6.5
https://concertride.me/rutas/zaragoza-sonorama-ribera,0,2,0%,6.5
https://concertride.me/conciertos/vitoria-gasteiz,0,2,0%,7
https://concertride.me/faq,0,2,0%,7
https://concertride.me/festivales/fib/guia,0,2,0%,7
https://concertride.me/rutas/burgos-sonorama-ribera,0,2,0%,7
https://concertride.me/conciertos/santander/2027,0,2,0%,8
https://concertride.me/rutas/burgos-cala-mijas,0,2,0%,8
https://concertride.me/conciertos/sevilla/2026,0,2,0%,8.5
https://concertride.me/conciertos/toledo/2027,0,2,0%,8.5
https://concertride.me/festivales/sonorama-ribera/guia,0,2,0%,8.5
https://concertride.me/artistas/ed-sheeran,0,2,0%,9
https://concertride.me/blog/sonar-barcelona-2026-carpooling,0,2,0%,9
https://concertride.me/conciertos/pamplona/2027,0,2,0%,9
https://concertride.me/conciertos/vigo/2027,0,2,0%,9
https://concertride.me/festivales/sonar/guia,0,2,0%,9
https://concertride.me/rutas/vitoria-gasteiz-bbk-live,0,2,0%,9
https://concertride.me/como-funciona,0,2,0%,9.5
https://concertride.me/como-llegar/cala-mijas,0,2,0%,9.5
https://concertride.me/conciertos/gijon/2025,0,2,0%,9.5
https://concertride.me/conciertos/palma,0,2,0%,10
https://concertride.me/rutas/pamplona-iruna-low-festival,0,2,0%,10
https://concertride.me/rutas/pamplona-iruna-resurrection-fest,0,2,0%,10.5
https://concertride.me/rutas/pamplona-tomavistas,0,2,0%,10.5
https://concertride.me/artistas/bruce-springsteen,0,2,0%,11
https://concertride.me/conciertos/cuenca/2026,0,2,0%,11
https://concertride.me/rutas/valencia-cala-mijas,0,2,0%,11
https://concertride.me/como-llegar/primavera-sound,0,2,0%,11.5
https://concertride.me/conciertos/logrono/2026,0,2,0%,11.5
https://concertride.me/conciertos/alicante/2025,0,2,0%,12
https://concertride.me/conciertos/valencia/2026,0,2,0%,12.5
https://concertride.me/rutas/valencia-tomavistas,0,2,0%,13
https://concertride.me/conciertos/malaga/2025,0,2,0%,15
https://concertride.me/conciertos/palma/2025,0,2,0%,18
https://concertride.me/rutas/santander-sonar,0,2,0%,21
https://concertride.me/conciertos/madrid/2025,0,2,0%,28
https://concertride.me/artistas/maluma,0,2,0%,30
https://concertride.me/rutas/castellon-arenal-sound,0,2,0%,37
https://concertride.me/rutas/valencia-bbk-live,0,2,0%,38.5
https://concertride.me/conciertos/jaen/2025,0,2,0%,40.5
https://concertride.me/conciertos/burgos,0,2,0%,45.5
https://concertride.me/conciertos/jaen,0,2,0%,57.5
https://concertride.me/rutas/bilbao-bbk-live,0,2,0%,58
https://concertride.me/blog/carpooling-resurrection-fest-2026,0,1,0%,1
https://concertride.me/blog/huella-carbono-festivales-carpooling,0,1,0%,1
https://concertride.me/rutas/barcelona-low-festival,0,1,0%,1
https://concertride.me/blog/alternativa-blablacar-festivales-espana,0,1,0%,2
https://concertride.me/conciertos/albacete,0,1,0%,2
https://concertride.me/rutas/murcia-vina-rock,0,1,0%,2
https://concertride.me/rutas/santiago-de-compostela-resurrection-fest,0,1,0%,3
https://concertride.me/conciertos/tarragona/2027,0,1,0%,4
https://concertride.me/rutas/bilbao-sonorama-ribera,0,1,0%,4
https://concertride.me/rutas/jaen-resurrection-fest,0,1,0%,4
https://concertride.me/rutas/madrid-fib,0,1,0%,4
https://concertride.me/rutas/valencia-low-festival,0,1,0%,4
https://concertride.me/blog/festivales-pais-vasco-2026,0,1,0%,5
https://concertride.me/como-llegar/low-festival,0,1,0%,5
https://concertride.me/festivales/tomavistas/guia,0,1,0%,5
https://concertride.me/rutas/a-coruna-cala-mijas,0,1,0%,5
https://concertride.me/rutas/donostia-san-sebastian-resurrection-fest,0,1,0%,5
https://concertride.me/rutas/granada-arenal-sound,0,1,0%,5
https://concertride.me/rutas/oviedo-bbk-live,0,1,0%,5
https://concertride.me/rutas/pamplona-iruna-cala-mijas,0,1,0%,5
https://concertride.me/rutas/segovia-sonorama-ribera,0,1,0%,5
https://concertride.me/rutas/valencia-centro-zevra-festival,0,1,0%,5
https://concertride.me/rutas/valladolid-primavera-sound,0,1,0%,5
https://concertride.me/como-llegar/sonar,0,1,0%,6
https://concertride.me/conciertos/barcelona,0,1,0%,6
https://concertride.me/conciertos/gijon/2027,0,1,0%,6
https://concertride.me/conciertos/lleida/2025,0,1,0%,6
https://concertride.me/conciertos/valladolid,0,1,0%,6
https://concertride.me/rutas/bilbao-medusa-festival,0,1,0%,6
https://concertride.me/rutas/caceres-arenal-sound,0,1,0%,6
https://concertride.me/rutas/castellon-fib,0,1,0%,6
https://concertride.me/rutas/girona-sonar,0,1,0%,6
https://concertride.me/rutas/murcia-sonorama-ribera,0,1,0%,6
https://concertride.me/rutas/pontevedra-mad-cool,0,1,0%,6
https://concertride.me/rutas/salamanca-cala-mijas,0,1,0%,6
https://concertride.me/rutas/santiago-de-compostela-medusa-festival,0,1,0%,6
https://concertride.me/conciertos/avila/2025,0,1,0%,7
https://concertride.me/conciertos/vigo/2025,0,1,0%,7
https://concertride.me/conciertos/vigo/2026,0,1,0%,7
https://concertride.me/festivales/zevra-festival/guia,0,1,0%,7
https://concertride.me/rutas/alicante-arenal-sound,0,1,0%,7
https://concertride.me/rutas/badajoz-cala-mijas,0,1,0%,7
https://concertride.me/rutas/barcelona-medusa-festival,0,1,0%,7
https://concertride.me/rutas/barcelona-sonar,0,1,0%,7
https://concertride.me/rutas/cordoba-arenal-sound,0,1,0%,7
https://concertride.me/rutas/gijon-cala-mijas,0,1,0%,7
https://concertride.me/rutas/girona-o-son-do-camino,0,1,0%,7
https://concertride.me/rutas/pontevedra-cala-mijas,0,1,0%,7
https://concertride.me/rutas/zaragoza-tomavistas,0,1,0%,7
https://concertride.me/terminos,0,1,0%,7
https://concertride.me/blog/sonorama-ribera-2026-guia-transporte,0,1,0%,8
https://concertride.me/blog/transporte-nocturno-vuelta-festival,0,1,0%,8
https://concertride.me/conciertos/castellon/2027,0,1,0%,8
https://concertride.me/conciertos/cordoba,0,1,0%,8
https://concertride.me/conciertos/leon/2025,0,1,0%,8
https://concertride.me/conciertos/zaragoza/2025,0,1,0%,8
https://concertride.me/recintos/estadi-olimpic-lluis-companys,0,1,0%,8
https://concertride.me/rutas/almeria-medusa-festival,0,1,0%,8
https://concertride.me/rutas/donostia-san-sebastian-primavera-sound,0,1,0%,8
https://concertride.me/rutas/madrid-sonorama-ribera,0,1,0%,8
https://concertride.me/rutas/malaga-mad-cool,0,1,0%,8
https://concertride.me/rutas/oviedo-resurrection-fest,0,1,0%,8
https://concertride.me/rutas/toledo-fib,0,1,0%,8
https://concertride.me/conciertos/cordoba/2025,0,1,0%,9
https://concertride.me/conciertos/jaen/2026,0,1,0%,9
https://concertride.me/conciertos/salamanca/2027,0,1,0%,9
https://concertride.me/conciertos/zaragoza/2026,0,1,0%,9
https://concertride.me/rutas/burgos-low-festival,0,1,0%,9
https://concertride.me/rutas/caceres-mad-cool,0,1,0%,9
https://concertride.me/rutas/lugo-arenal-sound,0,1,0%,9
https://concertride.me/rutas/oviedo-medusa-festival,0,1,0%,9
https://concertride.me/rutas/segovia-mad-cool,0,1,0%,9
https://concertride.me/rutas/valencia-fib,0,1,0%,9
https://concertride.me/rutas/vigo-vina-rock,0,1,0%,9
https://concertride.me/artistas/metallica,0,1,0%,10
https://concertride.me/conciertos/girona/2026,0,1,0%,10
https://concertride.me/conciertos/guadalajara/2026,0,1,0%,10
https://concertride.me/rutas/alicante-low-festival,0,1,0%,10
https://concertride.me/rutas/barcelona-resurrection-fest,0,1,0%,10
https://concertride.me/rutas/girona-primavera-sound,0,1,0%,10
https://concertride.me/rutas/pamplona-zevra-festival,0,1,0%,10
https://concertride.me/rutas/salamanca-arenal-sound,0,1,0%,10
https://concertride.me/rutas/tarragona-sonar,0,1,0%,10
https://concertride.me/rutas/toledo-cala-mijas,0,1,0%,10
https://concertride.me/rutas/valladolid-sonorama-ribera,0,1,0%,10
https://concertride.me/rutas/zaragoza-cala-mijas,0,1,0%,10
https://concertride.me/blog/carpooling-vs-ave-costes-reales-2026,0,1,0%,11
https://concertride.me/blog/festivales-espana-verano-2026,0,1,0%,11
https://concertride.me/conciertos/granada/2026,0,1,0%,11
https://concertride.me/conciertos/tarragona,0,1,0%,11
https://concertride.me/conciertos/tarragona/2025,0,1,0%,11
https://concertride.me/rutas/albacete-cala-mijas,0,1,0%,11
https://concertride.me/rutas/alicante-cala-mijas,0,1,0%,11
https://concertride.me/rutas/gijon-resurrection-fest,0,1,0%,11
https://concertride.me/rutas/palma-de-mallorca-cala-mijas,0,1,0%,11
https://concertride.me/rutas/sevilla-resurrection-fest,0,1,0%,11
https://concertride.me/rutas/vigo-sonorama-ribera,0,1,0%,11
https://concertride.me/conciertos/santander/2026,0,1,0%,12
https://concertride.me/conciertos/toledo/2026,0,1,0%,12
https://concertride.me/rutas/cuenca-bbk-live,0,1,0%,12
https://concertride.me/rutas/zaragoza-medusa-festival,0,1,0%,12
https://concertride.me/conciertos/salamanca/2025,0,1,0%,14
https://concertride.me/conciertos/santiago-de-compostela/2027,0,1,0%,14
https://concertride.me/conciertos/valladolid/2026,0,1,0%,14
https://concertride.me/rutas/alicante-bbk-live,0,1,0%,14
https://concertride.me/conciertos/castellon,0,1,0%,15
https://concertride.me/conciertos/malaga/2026,0,1,0%,15
https://concertride.me/conciertos/almeria/2027,0,1,0%,18
https://concertride.me/conciertos/granada/2025,0,1,0%,19
https://concertride.me/como-llegar/fib,0,1,0%,25
https://concertride.me/conciertos/cadiz/2025,0,1,0%,26
https://concertride.me/conciertos/pontevedra/2025,0,1,0%,26
https://concertride.me/rutas/granada-primavera-sound,0,1,0%,27
https://concertride.me/rutas/vigo-low-festival,0,1,0%,27
https://concertride.me/conciertos/huelva,0,1,0%,38
https://concertride.me/conciertos/logrono,0,1,0%,43
https://concertride.me/rutas/logrono-o-son-do-camino,0,1,0%,47
https://concertride.me/conciertos/almeria,0,1,0%,49
https://concertride.me/rutas/donostia-san-sebastian-tomavistas,0,1,0%,50
https://concertride.me/conciertos/logrono/2025,0,1,0%,56
https://concertride.me/conciertos/badajoz,0,1,0%,58
https://concertride.me/rutas/palma-de-mallorca-arenal-sound,0,1,0%,68
https://concertride.me/rutas/madrid-o-son-do-camino,0,1,0%,76